{"alarm clock": [0.015590258289461145, 0.1300592579207216, 0.48449395258005845], "armchair": [0.25956756187578534, 0.9732548345295149, 0.7549358082434193], "backpack": [0.6864854698236825, 0.684684220443037, 0.6169565023937942], "bag": [0.2358117944608764, 0.993679241979307, 0.5442491523482458], "ball": [0.8052633904003978, 0.48097086582004767, 0.05296659499480616], "bar": [0.9934737996498515, 0.8492986046384444, 0.7931203779009954], "basket": [0.019037155711733145, 0.7273988959329193, 0.2498130015049861], "bathroom cabinet": [0.03830418059494889, 0.45109787613791075, 0.1613207323149496], "bathroom counter": [0.8246542047891866, 0.794180662928778, 0.9817238372778064], "bathroom stall": [0.11523150110690994, 0.5404036838849307, 0.5466651872669935], "bathroom stall door": [0.10031719376016368, 0.3032903242196926, 0.449289026116523], "bathroom vanity": [0.6867113242617858, 0.21266812864881735, 0.13241106064878405], "bathtub": [0.1993209421435631, 0.3776533342591557, 0.9578822162796106], "bed": [0.7772844051393999, 0.672820398534767, 0.6485217420736017], "bench": [0.7742467329223148, 0.19429677894966157, 0.11096272531479046], "bicycle": [0.3654121668640332, 0.27062598837620466, 0.332261364714982], "bin": [0.354328784004904, 0.155140322046307, 0.6086971831427883], "blackboard": [0.7588876536150494, 0.586858650295158, 0.956566356891512], "blanket": [0.07766243150692198, 0.9471782506690613, 0.6092896068142291], "blinds": [0.3793839098630095, 0.3859680829591162, 0.11216632166421225], "board": [0.4278345224295709, 0.552855054762532, 0.08274953479519476], "book": [0.4487891063415522, 0.266328237168431, 0.3706459663975463], "bookshelf": [0.3548098770081337, 0.6616847264740429, 0.3834074194152681], "bottle": [0.3092606870776986, 0.7997826726975296, 0.7206629629431194], "bowl": [0.4943509686519352, 0.796874048862784, 0.9654853205206431], "box": [0.8435608017011131, 0.7166536279535531, 0.42709708258717183], "broom": [0.5536745252929424, 0.6796803090102393, 0.14356011843782934], "bucket": [0.6118473837584572, 0.9086596114857978, 0.5815955303696642], "bulletin board": [0.7847430005895369, 0.11193546858767711, 0.9788444104493529], "cabinet": [0.5085436294112333, 0.3229028757561555, 0.6168233539158042], "calendar": [0.501726905153659, 0.3770168355246073, 0.32137807192986734], "candle": [0.28059345691559645, 0.6198851197962165, 0.7703809763689711], "cart": [0.3130712597040648, 0.6927218001493963, 0.13046018543044935], "case of water bottles": [0.804808473181946, 0.5689858129589351, 0.4530082382767806], "cd case": [0.6667826542738788, 0.2299360543078952, 0.6384872003602415], "ceiling": [0.0875885818368729, 0.9860106580611137, 0.6169516731227327], "ceiling light": [0.21860256256393096, 0.0905866713906861, 0.23785470131571163], "chair": [0.06548051404481892, 0.6467167622526198, 0.31081801040033363], "clock": [0.6775650763187949, 0.7266060871124091, 0.41581869704801144], "closet": [0.4576283699267265, 0.9645404395173398, 0.5258106375475495], "closet door": [0.06346145663728409, 0.31192140974671, 0.898025489017749], "closet rod": [0.9912889548378456, 0.6412166003003202, 0.7391213279255593], "closet wall": [0.8400686830681005, 0.2646331418428154, 0.2140794778672458], "clothes": [0.23485212008041834, 0.708193453076316, 0.3014204088226081], "clothes dryer": [0.4617136513323228, 0.9840330359531658, 0.0834958857570447], "coat rack": [0.11028545567143122, 0.2997332459526417, 0.3879694854706919], "coffee kettle": [0.10616520312074518, 0.9240238318862107, 0.4080415557816197], "coffee maker": [0.690188549372714, 0.854007329742801, 0.5384109316790245], "coffee table": [0.501078443326437, 0.4781003458621961, 0.8598814976799424], "column": [0.6823333727540482, 0.9327696450135747, 0.005534978138723612], "computer tower": [0.6418000095749208, 0.7154475999620531, 0.14875536645665888], "container": [0.08279200892724103, 0.174959682125289, 0.0354861237563876], "copier": [0.5383699938088792, 0.7379973456293811, 0.4293504395974592], "couch": [0.5533311375001811, 0.06751681989496627, 0.16043084646146877], "counter": [0.253258692253435, 0.7571171660332765, 0.7858326252388035], "crate": [0.43273363770386575, 0.021996988544141227, 0.8554924417907808], "cup": [0.5514080431195925, 0.006845709757829721, 0.15771347570098493], "curtain": [0.17678835610958177, 0.6457660302480123, 0.7291976599534249], "cushion": [0.7168382460944739, 0.6274703503540018, 0.4780822084120391], "decoration": [0.8397790923627297, 0.08925863067927164, 0.2510176010382442], "desk": [0.14989055541611318, 0.7173711673486572, 0.9223455416206365], "dining table": [0.36919210232922695, 0.7592759285474924, 0.3682963531390977], "dish rack": [0.6606380339624521, 0.7040083003708815, 0.9618025164889142], "dishwasher": [0.6042865564047861, 0.40859717932470163, 0.7393077940262626], "divider": [0.1523885244093851, 0.8600710288287364, 0.3003531154628576], "door": [0.25788923616655524, 0.9603237775072571, 0.6266269376054348], "doorframe": [0.7833480184088515, 0.07725631859278193, 0.4500932928433964], "dresser": [0.35854791001572595, 0.9103244555982142, 0.44953450672526185], "dumbbell": [0.7618731382273758, 0.02242886024749291, 0.16432629485679462], "dustpan": [0.6571552016643253, 0.791389743879102, 0.36005695935430293], "end table": [0.4757132988239471, 0.06004725049811366, 0.9639618006174611], "fan": [0.1422543287361724, 0.030705236539496084, 0.42059599393224656], "file cabinet": [0.06288299856171242, 0.6176985696706955, 0.7622031580638015], "fire alarm": [0.7826504526246756, 0.5106389341947322, 0.25558654599578057], "fire extinguisher": [0.7114170676529872, 0.753242649189547, 0.20640562679225416], "fireplace": [0.4228478001314123, 0.05052085457797151, 0.6078678385851692], "floor": [0.21920337362729014, 0.35391667674048277, 0.439754702657413], "folded chair": [0.9501303747425826, 0.21814886068312112, 0.10456861818256402], "furniture": [0.980261543579918, 0.30136156433209293, 0.4906832710848765], "guitar": [0.08413507652467078, 0.3249617179367147, 0.5966884064733504], "guitar case": [0.6578313010730512, 0.016339196538041056, 0.2605532972971163], "hair dryer": [0.7673344526057192, 0.11103693550723337, 0.045210840977805256], "handicap bar": [0.4053362201389622, 0.4634299650943057, 0.2833007807009823], "hat": [0.19379818174167351, 0.8124794400539863, 0.7390140397367753], "headphones": [0.8758614306388317, 0.40898904624508947, 0.509512289829119], "ironing board": [0.2761889040228648, 0.1439106809517403, 0.4701030281580947], "jacket": [0.19289099009652855, 0.8272341549233388, 0.9165276982760142], "keyboard": [0.07554820315450372, 0.3470053790790397, 0.5959413321395426], "keyboard piano": [0.9953713318056537, 0.35109257482277134, 0.9135703226458783], "kitchen cabinet": [0.16081414288832463, 0.27001658308882837, 0.05240562178439223], "kitchen counter": [0.20292292399692613, 0.42255413612355874, 0.051753202632048634], "ladder": [0.3381723957323932, 0.8203245858291222, 0.3806605387590407], "lamp": [0.7740988445414286, 0.35729424337818383, 0.1228363972030575], "laptop": [0.8889338108549238, 0.6041904509630347, 0.07315158135597732], "laundry basket": [0.18379206354567745, 0.8718758568148467, 0.0008064011403694504], "laundry detergent": [0.7285344143037451, 0.39230767305924963, 0.32629353047259513], "laundry hamper": [0.4992031428359083, 0.6362221387222176, 0.948385131555074], "ledge": [0.918716961878012, 0.2548995790624906, 0.1352999024379048], "light": [0.2550049017640432, 0.3120846575771342, 0.3293338934612071], "light switch": [0.08431084311685211, 0.9041327607946239, 0.22557356136465945], "luggage": [0.7653513792301733, 0.02675126393008853, 0.6946688459064413], "machine": [0.742265317185267, 0.9477174882065916, 0.9414174069764619], "mailbox": [0.15128121597051203, 0.68144081879632, 0.5271111457272473], "mat": [0.024077430650561227, 0.015115224208368305, 0.29181935016752136], "mattress": [0.5671711347397222, 0.5700887811669192, 0.3063762047396713], "microwave": [0.6598460353264327, 0.3823349383284964, 0.8465822376765445],