{"alarm clock": [0.22353678809251565, 0.7259921171020849, 0.44424041489355226], "armchair": [0.6652583442225697, 0.43428968277323365, 0.40581254083941476], "backpack": [0.6595657813520415, 0.36572087458501645, 0.5358757081307338], "bag": [0.3878906627001807, 0.802948425984608, 0.29814963783606596], "ball": [0.21840130827423543, 0.5441481177141567, 0.23777163274535107], "bar": [0.6745751602153572, 0.8687740743210873, 0.9307122536432706], "basket": [0.023667503171835635, 0.2929648888383283, 0.06962931799334537], "bathroom cabinet": [0.49943912492481835, 0.5973308204831586, 0.8544877102769333], "bathroom counter": [0.9432049115696757, 0.6452045482234305, 0.029059391169420357], "bathroom stall": [0.5551070647570042, 0.8349951750217351, 0.056197810298058815], "bathroom stall door": [0.7761630948801623, 0.6990551036602806, 0.6826512625345146], "bathroom vanity": [0.3430602002243123, 0.010082626800094086, 0.6612602262937273], "bathtub": [0.6336975196940813, 0.6509107778572494, 0.5491160557771525], "bed": [0.7756115614706129, 0.9814086771411574, 0.33191534809184475], "bench": [0.19689104780149413, 0.5114119692234201, 0.3756931488926397], "bicycle": [0.1763530638355304, 0.05008440482930521, 0.2854659518589743], "bin": [0.6524031175941792, 0.06856523900196976, 0.3184572481979233], "blackboard": [0.6878934879817798, 0.39884232185088087, 0.976158619599567], "blanket": [0.7620839690452289, 0.3049624403270429, 0.9768801880390771], "blinds": [0.4154558079867239, 0.5176558051951128, 0.5728721247227909], "board": [0.751170072642704, 0.7839246347352369, 0.8198285013571294], "book": [0.5367874578885581, 0.24128827669919795, 0.9615618527956297], "bookshelf": [0.018557620285568732, 0.7102203215921182, 0.11614174754748463], "bottle": [0.634471171510906, 0.9748694273119981, 0.5624462414485764], "bowl": [0.832935590397156, 0.8779930434133034, 0.37284002088481105], "box": [0.051975375283555225, 0.6899756291619101, 0.8010447087855351], "broom": [0.39654384089537154, 0.5472598029823558, 0.14689079246797254], "bucket": [0.18868762427506314, 0.5073243516526864, 0.6108465207371087], "bulletin board": [0.17888154910500953, 0.9213912489167839, 0.3422403929812846], "cabinet": [0.9065652443732134, 0.4985160981678125, 0.680800804704693], "calendar": [0.2806349230981482, 0.7881136323443396, 0.23287388331084324], "candle": [0.7494196206592685, 0.6519098646202319, 0.3865989799008571], "cart": [0.36964821722657815, 0.968852912320731, 0.81947567408133], "case of water bottles": [0.0206785697955314, 0.18960357111592452, 0.3540235947766984], "cd case": [0.9172969888384543, 0.3071054218222756, 0.3261769981099485], "ceiling": [0.6539276154551367, 0.07867045266735695, 0.3206665812033964], "ceiling light": [0.3917591377708296, 0.9895128267480967, 0.47494155303360863], "chair": [0.06979504300814132, 0.7765145166226619, 0.546686141195973], "clock": [0.08157279242391768, 0.2801892029402213, 0.6313732611337527], "closet": [0.8149744725160408, 0.5402416278652559, 0.5824801034908006], "closet door": [0.3240198781012531, 0.20177089646172697, 0.6616368928575237], "closet rod": [0.3914043108809989, 0.29823560849991637, 0.6960958406224801], "closet wall": [0.6646188854965036, 0.5245430723400443, 0.846416879208156], "clothes": [0.13426299122961893, 0.8343328019741847, 0.08342714892816139], "clothes dryer": [0.8829621943441274, 0.11785540635427294, 0.11365572682338332], "coat rack": [0.9541052198730349, 0.7619421065223552, 0.8341651575324328], "coffee kettle": [0.11021809977246455, 0.780912441770629, 0.7492551529435739], "coffee maker": [0.4666870481163925, 0.6200250390311701, 0.7454652474775538], "coffee table": [0.6470981095678389, 0.7664074662118157, 0.38833385694844125], "column": [0.25005921947552034, 0.8277670622255896, 0.4534227837241315], "computer tower": [0.0214782311962598, 0.25831935955943486, 0.3733952555438915], "container": [0.6793874871198978, 0.9565467537346595, 0.36366607943520135], "copier": [0.17144528293852146, 0.696977380573262, 0.5531233578242067], "couch": [0.7528202569147622, 0.8985079991822529, 0.44831131037652727], "counter": [0.323102312766842, 0.9159077084509594, 0.10322172005547481], "crate": [0.42081947045758306, 0.003840690670689484, 0.11810293695278917], "cup": [0.3590608243498924, 0.40815632846288774, 0.9956044669544348], "curtain": [0.8598629045530467, 0.2457806839382869, 0.9826600268047331], "cushion": [0.3416397198379877, 0.4267312056656778, 0.043856319420233825], "decoration": [0.9987252130989481, 0.49425660753377176, 0.0475707923519294], "desk": [0.47302941020556255, 0.18072391411642796, 0.491738024245988], "dining table": [0.39549737750543534, 0.4255649169811596, 0.5666137654115474], "dish rack": [0.7203734610864415, 0.20431004181485557, 0.06934729829681197], "dishwasher": [0.7362309836187962, 0.024279202371361497, 0.5071351839556892], "divider": [0.5976215861105094, 0.12881207294206365, 0.33920564047364443], "door": [0.3691116412095181, 0.8198910511625304, 0.35628780132941973], "doorframe": [0.7638240185718529, 0.2492097558775056, 0.20333109877160627], "dresser": [0.25432639479269437, 0.24820359020767468, 0.09867355900436259], "dumbbell": [0.5561011839959065, 0.5954027365234678, 0.31561238191363283], "dustpan": [0.7503401880729808, 0.07269130921840239, 0.8311787105123211], "end table": [0.026872838269133115, 0.3162735023498373, 0.8998994920021435], "fan": [0.04010457899648523, 0.8044393333550651, 0.5414909289162585], "file cabinet": [0.09688046191313038, 0.6738385925780166, 0.4146438128841945], "fire alarm": [0.6948792565393068, 0.2941493231969712, 0.6701747585306956], "fire extinguisher": [0.5093033787913195, 0.2294887047612333, 0.7038357152665717], "fireplace": [0.8824729605372049, 0.027529938008777344, 0.04728984942147718], "floor": [0.806403226970177, 0.5714088505493693, 0.6125722677467087], "folded chair": [0.07136169595633268, 0.3107688803741496, 0.49388999349866414], "furniture": [0.20042175528997885, 0.12012032205180967, 0.49332650733636774], "guitar": [0.022258761805104332, 0.3049769179828561, 0.40991233528835835], "guitar case": [0.1740400510626796, 0.9419733300590476, 0.050656795694847045], "hair dryer": [0.0028548917750420566, 0.16031186880251458, 0.2369168473932165], "handicap bar": [0.9458648681172975, 0.470119772316695, 0.4425128620888187], "hat": [0.05495876067602512, 0.2370780592681926, 0.5227635907786807], "headphones": [0.9500935576568176, 0.1446595758059287, 0.5804711166380087], "ironing board": [0.044562920473223966, 0.3278317442855738, 0.8253243463228037], "jacket": [0.6072487844933022, 0.6061989864140545, 0.8576521308105657], "keyboard": [0.7839297183557105, 0.6586768630350596, 0.10097186559732185], "keyboard piano": [0.7402912443046017, 0.607998858541212, 0.8804042165377072], "kitchen cabinet": [0.9518143836135448, 0.9309192217515252, 0.32613074953620236], "kitchen counter": [0.7460670333576894, 0.8475736465116407, 0.5746905500491162], "ladder": [0.7261750667675346, 0.26235415040146504, 0.26451363001893846], "lamp": [0.6142084515613686, 0.9621449977720489, 0.4356336459514889], "laptop": [0.21583757969958006, 0.4446196529554194, 0.11732902621166574], "laundry basket": [0.45586294901854907, 0.6503127950029369, 0.05478072474211293], "laundry detergent": [0.11965947970950608, 0.7725764600744122, 0.8904733542673996], "laundry hamper": [0.06892476135478731, 0.6395862531422203, 0.2168357170590467], "ledge": [0.46670292399961033, 0.7301861772942666, 0.31695169742092777], "light": [0.21232461159233385, 0.12662011735316325, 0.9905178592871906], "light switch": [0.8865994516390492, 0.264481361331965, 0.7898030228267666], "luggage": [0.8716045099290874, 0.09108067459454794, 0.9759849102311504], "machine": [0.8882135999596162, 0.5992541890262055, 0.34250455069392016], "mailbox": [0.4813187651507129, 0.1301460168675962, 0.9035031240988924], "mat": [0.15286511075848708, 0.0015092765622537474, 0.803631417353011], "mattress": [0.10835804870278709, 0.11063798962991434, 0.5182892917500086],